province,call
Noord-Holland,1
Zuid-Holland,1
Gelderland,1
Zuid-Holland,1
Zuid-Holland,1
Zuid-Holland,1
Zuid-Holland,1
Noord-Holland,1
Zuid-Holland,1
Zuid-Holland,1
Noord-Brabant,1
Noord-Holland,1
Noord-Brabant,1
Noord-Holland,1
Noord-Holland,1
Drenthe,1
Zuid-Holland,1
Noord-Brabant,1
Zuid-Holland,1
Noord-Brabant,1
Zuid-Holland,1
Zuid-Holland,1
Gelderland,1
Overijssel,1
Flevoland,1
Zuid-Holland,1
Noord-Holland,1
Zeeland,1
Zuid-Holland,1
Zuid-Holland,1
Utrecht,1
Noord-Holland,1
Overijssel,1
Zuid-Holland,1
Zuid-Holland,1
Overijssel,1
Gelderland,1
Zuid-Holland,1
Zuid-Holland,1
Flevoland,1
Noord-Holland,1
Noord-Brabant,1
Zuid-Holland,1
Zuid-Holland,1
Zuid-Holland,1
Noord-Brabant,1
Noord-Holland,1
Zuid-Holland,1
Noord-Holland,1
Gelderland,1
Zuid-Holland,1
Noord-Holland,1
Zuid-Holland,1
Noord-Brabant,1
Zuid-Holland,1
Zeeland,1
Zuid-Holland,1
Utrecht,1
Zuid-Holland,1
Zuid-Holland,1
Zuid-Holland,1
Noord-Holland,1
Zuid-Holland,1
Zuid-Holland,1
Noord-Holland,1
Utrecht,1
Zuid-Holland,1
Noord-Holland,1
Zuid-Holland,1
Zuid-Holland,1
Noord-Holland,1
Zuid-Holland,1
Zuid-Holland,1
Utrecht,1
Noord-Holland,1
Zuid-Holland,1
Zuid-Holland,1
Zuid-Holland,1
Overijssel,1
Overijssel,1
Zuid-Holland,1
Zuid-Holland,1
Zuid-Holland,1
Noord-Brabant,1
Noord-Brabant,1
Zuid-Holland,1
Zuid-Holland,1
Noord-Brabant,1
Noord-Holland,1
Zuid-Holland,1
Noord-Holland,1
Zuid-Holland,1
Zuid-Holland,1
Zuid-Holland,1
Noord-Brabant,1
Noord-Brabant,1
Zeeland,1
Zuid-Holland,1
Zuid-Holland,1
Zuid-Holland,1
Zuid-Holland,1
Limburg,1
Limburg,1
Noord-Holland,1
Zuid-Holland,1
Noord-Brabant,1
Zuid-Holland,1
Zuid-Holland,1
Noord-Holland,1
Zuid-Holland,1
Zuid-Holland,1
Zuid-Holland,1
Noord-Holland,1
Zuid-Holland,1
Zuid-Holland,1
Noord-Holland,1
Zuid-Holland,1
Zeeland,1
Flevoland,1
Limburg,1
Zuid-Holland,1
Limburg,1
Zuid-Holland,1
Zuid-Holland,1
Utrecht,1
Gelderland,1
Noord-Brabant,1
Zuid-Holland,1
Noord-Brabant,1
Zuid-Holland,1
Zuid-Holland,1
Zuid-Holland,1
Noord-Holland,1
Zuid-Holland,1
Zuid-Holland,1
Noord-Holland,1
Utrecht,1
Noord-Holland,1
Noord-Holland,1
Zuid-Holland,1
Noord-Holland,1
Noord-Holland,1
Zuid-Holland,1
Zuid-Holland,1
Noord-Holland,1
Gelderland,1
Noord-Holland,1
Gelderland,1
Noord-Holland,1
Noord-Brabant,1
Zuid-Holland,1
Zuid-Holland,1
Zuid-Holland,1
Zuid-Holland,1
Groningen,1
Zuid-Holland,1
Noord-Holland,1
Zuid-Holland,1
Zuid-Holland,1
Limburg,1
Overijssel,1
Zuid-Holland,1
Overijssel,1
Zuid-Holland,1
Drenthe,1
Zuid-Holland,1
Zuid-Holland,1
Zuid-Holland,1
Noord-Holland,1
Limburg,1
Noord-Holland,1
Zuid-Holland,1
Noord-Holland,1
Zuid-Holland,1
Gelderland,1
Zuid-Holland,1
Flevoland,1
Zuid-Holland,1
Noord-Holland,1
Groningen,1
Limburg,1
Overijssel,1
Zuid-Holland,1
Zuid-Holland,1
Zuid-Holland,1
Zuid-Holland,1
Zuid-Holland,1
Zuid-Holland,1
Zuid-Holland,1
Zuid-Holland,1
Noord-Holland,1
Zuid-Holland,1
Zuid-Holland,1
Noord-Holland,1
Overijssel,1
Zuid-Holland,1
Zuid-Holland,1
Zuid-Holland,1
Noord-Brabant,1
Zuid-Holland,1
Zuid-Holland,1
Zuid-Holland,1
Noord-Holland,1
Noord-Holland,1
Gelderland,1
Noord-Holland,1
Zuid-Holland,1
Noord-Holland,1
Zuid-Holland,1
Zuid-Holland,1
Zuid-Holland,1
Noord-Holland,1
Zuid-Holland,1
Noord-Holland,1
Noord-Holland,1
Zuid-Holland,1
Zuid-Holland,1
Flevoland,1
Noord-Holland,1
Zuid-Holland,1
Zuid-Holland,1
Utrecht,1
Zuid-Holland,1
Zuid-Holland,1
Noord-Holland,1
Noord-Holland,1
Zuid-Holland,1
Zuid-Holland,1
Zuid-Holland,1
Zuid-Holland,1
Zuid-Holland,1
Zuid-Holland,1
Zuid-Holland,1
Zuid-Holland,1
Zuid-Holland,1
Zuid-Holland,1
Zuid-Holland,1
Zuid-Holland,1
Zuid-Holland,1
Limburg,1
Limburg,1
Zuid-Holland,1
Zuid-Holland,1
Zuid-Holland,1
Overijssel,1
Zuid-Holland,1
Overijssel,1
Zuid-Holland,1
Utrecht,1
Noord-Holland,1
Zuid-Holland,1
Zuid-Holland,1
Zuid-Holland,1
Zuid-Holland,1
Zuid-Holland,1
Zuid-Holland,1
Overijssel,1
Zuid-Holland,1
Zuid-Holland,1
Zuid-Holland,1
Zuid-Holland,1
Zuid-Holland,1
Noord-Holland,1
Zuid-Holland,1
Zuid-Holland,1
Zuid-Holland,1
Limburg,1
Limburg,1
Zuid-Holland,1
Limburg,1
Zuid-Holland,1
Gelderland,1
Noord-Holland,1
Noord-Holland,1
Zuid-Holland,1
Gelderland,1
Zuid-Holland,1
Zuid-Holland,1
Flevoland,1
Zuid-Holland,1
Zuid-Holland,1
Zuid-Holland,1
Zuid-Holland,1
Noord-Brabant,1
Zuid-Holland,1
Noord-Holland,1
Zuid-Holland,1
Zuid-Holland,1
Flevoland,1
Zuid-Holland,1
Gelderland,1
Zuid-Holland,1
Zuid-Holland,1
Zuid-Holland,1
Gelderland,1
Noord-Holland,1
Zuid-Holland,1
Zuid-Holland,1
Zuid-Holland,1
Noord-Holland,1
Zuid-Holland,1
Utrecht,1
Friesland,1
Noord-Holland,1
Limburg,1
Noord-Holland,1
Noord-Holland,1
Noord-Holland,1
Zuid-Holland,1
Zuid-Holland,1
Zuid-Holland,1
Noord-Brabant,1
Zuid-Holland,1
Limburg,1
Zuid-Holland,1
Noord-Holland,1
Noord-Brabant,1
Zuid-Holland,1
Gelderland,1
Zuid-Holland,1
Zuid-Holland,1
Zuid-Holland,1
Noord-Brabant,1
Zuid-Holland,1
Zuid-Holland,1
Zuid-Holland,1
Zuid-Holland,1
Drenthe,1
Limburg,1
Zuid-Holland,1
Noord-Holland,1
Limburg,1
Zuid-Holland,1
Zuid-Holland,1
Zuid-Holland,1
Zuid-Holland,1
Zuid-Holland,1
Noord-Brabant,1
Noord-Brabant,1
Zuid-Holland,1
Limburg,1
Zuid-Holland,1
Zuid-Holland,1
Noord-Holland,1
Noord-Holland,1
Zuid-Holland,1
Zuid-Holland,1
Zuid-Holland,1
Noord-Brabant,1
Noord-Holland,1
Zuid-Holland,1
Groningen,1
Zuid-Holland,1
Zuid-Holland,1
Zuid-Holland,1
Zeeland,1
Zuid-Holland,1
Noord-Holland,1
Gelderland,1
Noord-Holland,1
Noord-Holland,1
Zuid-Holland,1
Noord-Holland,1
Zuid-Holland,1
Zuid-Holland,1
Zuid-Holland,1
Utrecht,1
Zuid-Holland,1
Zuid-Holland,1
Zuid-Holland,1
Zuid-Holland,1
Zuid-Holland,1
Zuid-Holland,1
Noord-Holland,1
Zuid-Holland,1
Noord-Holland,1
Zuid-Holland,1
Noord-Holland,1
Zuid-Holland,1
Zuid-Holland,1
Gelderland,1
Noord-Holland,1
Zuid-Holland,1
Friesland,1
Drenthe,1
Noord-Holland,1
Zuid-Holland,1
Noord-Brabant,1
Zuid-Holland,1
Noord-Brabant,1
Gelderland,1
Zuid-Holland,1
Noord-Brabant,1
Zuid-Holland,1
Zuid-Holland,1
Zuid-Holland,1
Noord-Brabant,1
Zuid-Holland,1
Noord-Holland,1
Zuid-Holland,1
Zuid-Holland,1
Zuid-Holland,1
Zuid-Holland,1
Gelderland,1
Zuid-Holland,1
Zuid-Holland,1
Noord-Brabant,1
Noord-Brabant,1
Zuid-Holland,1
Zuid-Holland,1
Zuid-Holland,1
Gelderland,1
Noord-Holland,1
Zuid-Holland,1
Utrecht,1
Gelderland,1
Zuid-Holland,1
Noord-Holland,1
Zuid-Holland,1
Noord-Holland,1
Zuid-Holland,1
Zeeland,1
Noord-Holland,1
Zuid-Holland,1
Groningen,1
Groningen,1
Zuid-Holland,1
Zuid-Holland,1
Noord-Holland,1
Zuid-Holland,1
Zuid-Holland,1
Limburg,1
Zuid-Holland,1
Zuid-Holland,1
Noord-Holland,1
Zuid-Holland,1
Zuid-Holland,1
Zuid-Holland,1
Zuid-Holland,1
Zuid-Holland,1
Noord-Holland,1
Zuid-Holland,1
Noord-Holland,1
Zuid-Holland,1
Zuid-Holland,1
Zuid-Holland,1
Zuid-Holland,1
Zuid-Holland,1
Zuid-Holland,1
Zuid-Holland,1
Noord-Holland,1
Noord-Brabant,1
Noord-Holland,1
Noord-Holland,1
Noord-Holland,1
Zuid-Holland,1
Zuid-Holland,1
Zuid-Holland,1
Zuid-Holland,1
Noord-Holland,1
Noord-Holland,1
Zuid-Holland,1
Zuid-Holland,1
Zuid-Holland,1
Noord-Holland,1
Zuid-Holland,1
Zuid-Holland,1
Noord-Holland,1
Zuid-Holland,1
Noord-Holland,1
Zuid-Holland,1
Zuid-Holland,1
Zuid-Holland,1
Zuid-Holland,1
Zuid-Holland,1
Zuid-Holland,1
Zuid-Holland,1
Limburg,1
Zuid-Holland,1
Zuid-Holland,1
Limburg,1
Zuid-Holland,1
Flevoland,1
Zuid-Holland,1
Zuid-Holland,1
Zuid-Holland,1
Noord-Holland,1
Zuid-Holland,1
Noord-Holland,1
Zuid-Holland,1
Zuid-Holland,1
Limburg,1
Zuid-Holland,1
Zuid-Holland,1
Limburg,1
Zuid-Holland,1
Zuid-Holland,1
Gelderland,1
Utrecht,1
Zeeland,1
Zeeland,1
Zuid-Holland,1
Noord-Holland,1
Zuid-Holland,1
Utrecht,1
Zuid-Holland,1
Noord-Holland,1
Noord-Holland,1
Overijssel,1
Zuid-Holland,1
Zeeland,1
Noord-Brabant,1
Limburg,1
Zuid-Holland,1
Noord-Holland,1
Zuid-Holland,1
Noord-Holland,1
Limburg,1
Zuid-Holland,1
Gelderland,1
Zuid-Holland,1
Zuid-Holland,1
Zuid-Holland,1
Zuid-Holland,1
Zuid-Holland,1
Zuid-Holland,1
Zuid-Holland,1
Zuid-Holland,1
Zuid-Holland,1
Zuid-Holland,1
Zuid-Holland,1
Zuid-Holland,1
Zuid-Holland,1
Zuid-Holland,1
Noord-Holland,1
Limburg,1
Zuid-Holland,1
Zuid-Holland,1
Noord-Holland,1
Friesland,1
Zuid-Holland,1
Noord-Brabant,1
Overijssel,1
Zuid-Holland,1
Limburg,1
Noord-Holland,1
Zuid-Holland,1
Zuid-Holland,1
Zuid-Holland,1
Zuid-Holland,1
Gelderland,1
Utrecht,1
Zuid-Holland,1
Zeeland,1
Noord-Holland,1
Zuid-Holland,1
Zuid-Holland,1
Zuid-Holland,1
Zuid-Holland,1
Zuid-Holland,1
Zuid-Holland,1
Noord-Holland,1
Noord-Holland,1
Noord-Holland,1
Noord-Holland,1
Zuid-Holland,1
Zuid-Holland,1
Zuid-Holland,1
Zuid-Holland,1
Zuid-Holland,1
Zuid-Holland,1
Noord-Holland,1
Zuid-Holland,1
Noord-Brabant,1
Zuid-Holland,1
Zuid-Holland,1
Zuid-Holland,1
Zuid-Holland,1
Noord-Brabant,1
Zuid-Holland,1
Zuid-Holland,1
Zuid-Holland,1
Noord-Holland,1
Noord-Brabant,1
Noord-Holland,1
Zuid-Holland,1
Zuid-Holland,1
Zuid-Holland,1
Noord-Brabant,1
Overijssel,1
Limburg,1
Zuid-Holland,1
Zuid-Holland,1
Zuid-Holland,1
Zuid-Holland,1
Zuid-Holland,1
Zuid-Holland,1
Zuid-Holland,1
Zuid-Holland,1
Zuid-Holland,1
Noord-Holland,1
Zuid-Holland,1
Noord-Holland,1
Limburg,1
Gelderland,1
Noord-Holland,1
Zuid-Holland,1
Noord-Holland,1
Zuid-Holland,1
Zuid-Holland,1
Zuid-Holland,1
Zuid-Holland,1
Zuid-Holland,1
Zuid-Holland,1
Zuid-Holland,1
Zuid-Holland,1
Flevoland,1
Zuid-Holland,1
Zuid-Holland,1
Noord-Brabant,1
Zuid-Holland,1
Noord-Holland,1
Zuid-Holland,1
Noord-Brabant,1
Zuid-Holland,1
Zuid-Holland,1
Gelderland,1
Zuid-Holland,1
Zuid-Holland,1
Flevoland,1
Limburg,1
Zuid-Holland,1
Gelderland,1
Noord-Holland,1
Utrecht,1
Gelderland,1
Noord-Brabant,1
Noord-Holland,1
Zuid-Holland,1
Zuid-Holland,1
Overijssel,1
Utrecht,1
Zuid-Holland,1
Zuid-Holland,1
Gelderland,1
Zuid-Holland,1
Noord-Brabant,1
Noord-Holland,1
Noord-Holland,1
Limburg,1
Zuid-Holland,1
Zuid-Holland,1
Zuid-Holland,1
Zuid-Holland,1
Limburg,1
Zuid-Holland,1
Noord-Brabant,1
Zuid-Holland,1
Zuid-Holland,1
Limburg,1
Noord-Holland,1
Noord-Brabant,1
Gelderland,1
Zuid-Holland,1
Noord-Brabant,1
Gelderland,1
Zuid-Holland,1
Gelderland,1
Overijssel,1
Groningen,1
Zuid-Holland,1
Gelderland,1
Zuid-Holland,1
Noord-Brabant,1
Noord-Brabant,1
Noord-Brabant,1
Noord-Brabant,1
Noord-Brabant,1
Noord-Brabant,1
Noord-Brabant,1
Noord-Brabant,1
Noord-Brabant,1
Noord-Brabant,1
Noord-Brabant,1
Gelderland,1
Noord-Brabant,1
Gelderland,1
Noord-Brabant,1
Zeeland,1
Zeeland,1
Zeeland,1
Zeeland,1
Zeeland,1
Gelderland,1
Limburg,1
Limburg,1
Limburg,1
Limburg,1
Limburg,1
Noord-Brabant,1
Noord-Holland,1
Noord-Holland,1
Limburg,1
Overijssel,1
Friesland,1
Drenthe,1
Friesland,1
Friesland,1
Friesland,1
Friesland,1
Friesland,1
Friesland,1
Groningen,1
Friesland,1
Groningen,1
Noord-Brabant,1
Overijssel,1
Friesland,1
Drenthe,1
Friesland,1
Groningen,1
Noord-Brabant,1
Zeeland,1
Zuid-Holland,1
Groningen,1
Zuid-Holland,1
Groningen,1
Zuid-Holland,1
Noord-Holland,1
Groningen,1
Noord-Holland,1
Noord-Brabant,1
Zuid-Holland,1
Utrecht,1
Gelderland,1
Noord-Holland,1
Zuid-Holland,1
Zuid-Holland,1
Noord-Holland,1
Noord-Holland,1
Zuid-Holland,1
Limburg,1
Noord-Brabant,1
Zuid-Holland,1
Noord-Holland,1
Zuid-Holland,1
Noord-Brabant,1
Overijssel,1
Overijssel,1
Utrecht,1
Zuid-Holland,1
Zuid-Holland,1
Gelderland,1
Zuid-Holland,1
Zuid-Holland,1
Gelderland,1
Zuid-Holland,1
Zuid-Holland,1
Noord-Holland,1
Zuid-Holland,1
Zuid-Holland,1
Zuid-Holland,1
Noord-Holland,1
Zuid-Holland,1
Noord-Holland,1
Noord-Holland,1
Zeeland,1
Zuid-Holland,1
Noord-Holland,1
Noord-Holland,1
Zuid-Holland,1
Noord-Holland,1
Zuid-Holland,1
Noord-Holland,1
Zuid-Holland,1
Noord-Holland,1
Zuid-Holland,1
Zuid-Holland,1
Noord-Holland,1
Gelderland,1
Zuid-Holland,1
Zuid-Holland,1
Groningen,1
Noord-Holland,1
Limburg,1
Noord-Holland,1
Noord-Holland,1
Zuid-Holland,1
Zuid-Holland,1
Zuid-Holland,1
Limburg,1
Zuid-Holland,1
Noord-Brabant,1
Limburg,1
Zuid-Holland,1
Zuid-Holland,1
Zuid-Holland,1
Zuid-Holland,1
Gelderland,1
Zuid-Holland,1
Zuid-Holland,1
Zuid-Holland,1
Zuid-Holland,1
Zuid-Holland,1
Zuid-Holland,1
Noord-Holland,1
Noord-Holland,1
Zuid-Holland,1
Zuid-Holland,1
Zuid-Holland,1
Gelderland,1
Drenthe,1
Overijssel,1
Noord-Holland,1
Zuid-Holland,1
Zuid-Holland,1
Noord-Brabant,1
Zuid-Holland,1
Noord-Holland,1
Zuid-Holland,1
Noord-Holland,1
Noord-Holland,1
Noord-Holland,1
Limburg,1
Gelderland,1
Limburg,1
Zuid-Holland,1
Zuid-Holland,1
Zuid-Holland,1
Gelderland,1
Zuid-Holland,1
Zuid-Holland,1
Zuid-Holland,1
Zuid-Holland,1
Zuid-Holland,1
Noord-Holland,1
Limburg,1
Zuid-Holland,1
Flevoland,1
Overijssel,1
Utrecht,1
Zuid-Holland,1
Zuid-Holland,1
Zuid-Holland,1
Zuid-Holland,1
Drenthe,1
Noord-Holland,1
Utrecht,1
Zuid-Holland,1
Zuid-Holland,1
Friesland,1
Zuid-Holland,1
Zuid-Holland,1
Zuid-Holland,1
Limburg,1
Noord-Holland,1
Noord-Brabant,1
Zuid-Holland,1
Overijssel,1
Noord-Brabant,1
Utrecht,1
Zuid-Holland,1
Zuid-Holland,1
Zuid-Holland,1
Zuid-Holland,1
Zuid-Holland,1
Zuid-Holland,1
Zuid-Holland,1
Zuid-Holland,1
Zuid-Holland,1
Zeeland,1
Noord-Holland,1
Zuid-Holland,1
Zeeland,1
Zuid-Holland,1
Zuid-Holland,1
Noord-Holland,1
Noord-Holland,1
Noord-Holland,1
Noord-Holland,1
Noord-Holland,1
Noord-Holland,1
Noord-Holland,1
Noord-Holland,1
Noord-Holland,1
Zuid-Holland,1
Noord-Holland,1
Noord-Holland,1
Noord-Holland,1
Noord-Holland,1
Overijssel,1
Zuid-Holland,1
Zuid-Holland,1
Noord-Holland,1
Noord-Holland,1
Gelderland,1
Zuid-Holland,1
Noord-Holland,1
Noord-Brabant,1
Noord-Holland,1
Noord-Holland,1
Noord-Holland,1
Zuid-Holland,1
Zuid-Holland,1
Zuid-Holland,1
Noord-Holland,1
Noord-Holland,1
Noord-Holland,1
Zuid-Holland,1
Noord-Holland,1
Zuid-Holland,1
Noord-Holland,1
Noord-Holland,1
Zuid-Holland,1
Noord-Holland,1
Noord-Holland,1
Noord-Holland,1
Friesland,1
Noord-Holland,1
Zuid-Holland,1
Noord-Holland,1
Zuid-Holland,1
Noord-Holland,1
Gelderland,1
Noord-Holland,1
Noord-Holland,1
Noord-Holland,1
Zuid-Holland,1
Noord-Holland,1
Limburg,1
Zuid-Holland,1
Friesland,1
Noord-Holland,1
Noord-Holland,1
Noord-Holland,1
Noord-Holland,1
Noord-Holland,1
Noord-Holland,1
Noord-Holland,1
Friesland,1
Noord-Holland,1
Friesland,1
Noord-Holland,1
Noord-Holland,1
Noord-Holland,1
Noord-Holland,1
Noord-Holland,1
Noord-Holland,1
Noord-Holland,1
Gelderland,1
Drenthe,1
Drenthe,1
Groningen,1
Zuid-Holland,1
Noord-Holland,1
Noord-Holland,1
Noord-Holland,1
Drenthe,1
Gelderland,1
Groningen,1
Groningen,1
Groningen,1
Groningen,1
Groningen,1
Gelderland,1
Noord-Holland,1
Noord-Holland,1
Zuid-Holland,1
Groningen,1
Noord-Holland,1
Drenthe,1
Noord-Holland,1
Zuid-Holland,1
Groningen,1
Noord-Holland,1
Groningen,1
Noord-Holland,1
Noord-Holland,1
Zuid-Holland,1
Zuid-Holland,1
Noord-Holland,1
Gelderland,1
Noord-Holland,1
Noord-Holland,1
Noord-Holland,1
Zuid-Holland,1
Gelderland,1
Zuid-Holland,1
Noord-Holland,1
Noord-Holland,1
Noord-Holland,1
Noord-Holland,1
Noord-Holland,1
Overijssel,1
Zuid-Holland,1
Zuid-Holland,1
Noord-Brabant,1
Zeeland,1
Zeeland,1
Noord-Brabant,1
Zuid-Holland,1
Zuid-Holland,1
Zeeland,1
Noord-Brabant,1
Limburg,1
Zuid-Holland,1
Zuid-Holland,1
Zuid-Holland,1
Zuid-Holland,1
Zuid-Holland,1
Zeeland,1
Zuid-Holland,1
Zuid-Holland,1
Zuid-Holland,1
Utrecht,1
Noord-Holland,1
Zeeland,1
Zuid-Holland,1
Noord-Brabant,1
Zuid-Holland,1
Zeeland,1
Zeeland,1
Zuid-Holland,1
Utrecht,1
Zuid-Holland,1
Overijssel,1
Zuid-Holland,1
Zeeland,1
Zuid-Holland,1
Zeeland,1
Zuid-Holland,1
Zuid-Holland,1
Zuid-Holland,1
Zeeland,1
Zuid-Holland,1
Noord-Holland,1
Zuid-Holland,1
Noord-Brabant,1
Noord-Brabant,1
Zuid-Holland,1
Zuid-Holland,1
Zuid-Holland,1
Noord-Brabant,1
Zuid-Holland,1
Noord-Holland,1
Noord-Holland,1
Zuid-Holland,1
Noord-Holland,1
Noord-Brabant,1
Noord-Holland,1
Zuid-Holland,1
Zuid-Holland,1
Zuid-Holland,1
Zuid-Holland,1
Zuid-Holland,1
Zuid-Holland,1
Noord-Holland,1
Zuid-Holland,1
Noord-Holland,1
Noord-Holland,1
Zuid-Holland,1
Zuid-Holland,1
Zuid-Holland,1
Zuid-Holland,1
Zeeland,1
Zuid-Holland,1
Zuid-Holland,1
Noord-Holland,1
Zuid-Holland,1
Zuid-Holland,1
Zuid-Holland,1
Zuid-Holland,1
Zuid-Holland,1
Zuid-Holland,1
Noord-Holland,1
Zuid-Holland,1
Zuid-Holland,1
Noord-Holland,1
Noord-Holland,1
Zuid-Holland,1
Zuid-Holland,1
Zuid-Holland,1
Noord-Holland,1
Zuid-Holland,1
Zuid-Holland,1
Zuid-Holland,1
Zuid-Holland,1
Zuid-Holland,1
Noord-Holland,1
Zuid-Holland,1
Noord-Holland,1
Noord-Holland,1
Zeeland,1
Zuid-Holland,1
Noord-Holland,1
Noord-Holland,1
Zuid-Holland,1
Noord-Holland,1
Zuid-Holland,1
Noord-Holland,1
Zuid-Holland,1
Zuid-Holland,1
Zuid-Holland,1
Zuid-Holland,1
Zuid-Holland,1
Noord-Holland,1
Noord-Holland,1
Zuid-Holland,1
Noord-Brabant,1
Zuid-Holland,1
Zuid-Holland,1
Noord-Holland,1
Friesland,1
Noord-Holland,1
Zuid-Holland,1
Noord-Holland,1
Noord-Holland,1
Zuid-Holland,1
Zuid-Holland,1
Zuid-Holland,1
Noord-Holland,1
Noord-Holland,1
Zuid-Holland,1
Zuid-Holland,1
Noord-Holland,1
Zuid-Holland,1
Zuid-Holland,1
Zuid-Holland,1
Zuid-Holland,1
Noord-Holland,1
Zuid-Holland,1
Noord-Holland,1
Zuid-Holland,1
Zuid-Holland,1
Zuid-Holland,1
Zuid-Holland,1
Noord-Holland,1
Zuid-Holland,1
Zuid-Holland,1
Zuid-Holland,1
Noord-Holland,1
Zuid-Holland,1
Noord-Holland,1
Noord-Holland,1
Zuid-Holland,1
Zuid-Holland,1
Zuid-Holland,1
Zuid-Holland,1
Zeeland,1
Zuid-Holland,1
Noord-Holland,1
Noord-Holland,1
Zuid-Holland,1
Zuid-Holland,1
Zuid-Holland,1
Overijssel,1
Limburg,1
Overijssel,1
Zuid-Holland,1
Limburg,1
Noord-Brabant,1
Zuid-Holland,1
Zuid-Holland,1
Noord-Holland,1
Zuid-Holland,1
Zuid-Holland,1
Zuid-Holland,1
Zuid-Holland,1
Noord-Brabant,1
Zuid-Holland,1
Zuid-Holland,1
Zuid-Holland,1
Limburg,1
Zuid-Holland,1
Zuid-Holland,1
Zuid-Holland,1
Noord-Brabant,1
Zuid-Holland,1
Zuid-Holland,1
Noord-Holland,1
Limburg,1
Zuid-Holland,1
Zuid-Holland,1
Zuid-Holland,1
Noord-Holland,1
Zuid-Holland,1
Zuid-Holland,1
Gelderland,1
Zuid-Holland,1
Zuid-Holland,1
Zuid-Holland,1
Noord-Holland,1
Zuid-Holland,1
Zuid-Holland,1
Zuid-Holland,1
Zuid-Holland,1
Limburg,1
Noord-Holland,1
Limburg,1
Noord-Holland,1
Noord-Holland,1
Zeeland,1
Groningen,1
Zuid-Holland,1
Groningen,1
Zuid-Holland,1
Noord-Brabant,1
Zuid-Holland,1
Groningen,1
Zuid-Holland,1
Noord-Brabant,1
Noord-Brabant,1
Zuid-Holland,1
Groningen,1
Noord-Brabant,1
Zuid-Holland,1
Zuid-Holland,1
Zuid-Holland,1
Zuid-Holland,1
Zuid-Holland,1
Noord-Brabant,1
Zuid-Holland,1
Zuid-Holland,1
Zuid-Holland,1
Gelderland,1
Zuid-Holland,1
Zuid-Holland,1
Zeeland,1
Noord-Brabant,1
Zeeland,1
Noord-Brabant,1
Zeeland,1
Zeeland,1
Zuid-Holland,1
Zeeland,1
Noord-Brabant,1
Zeeland,1
Limburg,1
Noord-Holland,1
Noord-Holland,1
Zuid-Holland,1
Noord-Holland,1
Noord-Holland,1
Noord-Holland,1
Noord-Holland,1
Noord-Holland,1
Noord-Holland,1
Noord-Holland,1
Noord-Holland,1
Zuid-Holland,1
Zuid-Holland,1
Noord-Holland,1
Noord-Brabant,1
Noord-Brabant,1
Zuid-Holland,1
Zuid-Holland,1
Zuid-Holland,1
Zuid-Holland,1
Zuid-Holland,1
Friesland,1
Limburg,1
Noord-Brabant,1
Gelderland,1
Gelderland,1
Zuid-Holland,1
Gelderland,1
Zuid-Holland,1
Gelderland,1
Overijssel,1
Flevoland,1
Drenthe,1
Drenthe,1
Zuid-Holland,1
Drenthe,1
Limburg,1
Limburg,1
Limburg,1
Limburg,1
Limburg,1
Limburg,1
Limburg,1
Limburg,1
Limburg,1
Limburg,1
Limburg,1
Limburg,1
Limburg,1
Limburg,1
Limburg,1
Limburg,1
Limburg,1
Limburg,1
Limburg,1
Limburg,1
Zuid-Holland,1
Zuid-Holland,1
Noord-Holland,1
Zuid-Holland,1
Limburg,1
Limburg,1
Noord-Brabant,1
Zuid-Holland,1
Limburg,1
Limburg,1
Limburg,1
Noord-Brabant,1
Limburg,1
Limburg,1
Zuid-Holland,1
Limburg,1
Limburg,1
Limburg,1
Limburg,1
Limburg,1
Noord-Brabant,1
Limburg,1
Limburg,1
Limburg,1
Noord-Brabant,1
Limburg,1
Limburg,1
Noord-Brabant,1
Limburg,1
Limburg,1
Limburg,1
Limburg,1
Limburg,1
Limburg,1
Noord-Brabant,1
Limburg,1
Limburg,1
Friesland,1
Gelderland,1
Limburg,1
Limburg,1
Limburg,1
Limburg,1
Limburg,1
Limburg,1
Limburg,1
Limburg,1
Limburg,1
Noord-Holland,1
Limburg,1
Zuid-Holland,1
Zuid-Holland,1
Zuid-Holland,1
Zuid-Holland,1
Zuid-Holland,1
Drenthe,1
Limburg,1
Zuid-Holland,1
Zuid-Holland,1
Noord-Holland,1
Limburg,1
Zuid-Holland,1
Limburg,1
Zuid-Holland,1
Zuid-Holland,1
Zuid-Holland,1
Zuid-Holland,1
Limburg,1
Overijssel,1
Zuid-Holland,1
Zuid-Holland,1
Zuid-Holland,1
Zuid-Holland,1
Zuid-Holland,1
Zuid-Holland,1
Zuid-Holland,1
Noord-Holland,1
Noord-Brabant,1
Zuid-Holland,1
Zuid-Holland,1
Overijssel,1
Zuid-Holland,1
Gelderland,1
Limburg,1
Noord-Holland,1
Limburg,1
Limburg,1
Limburg,1
Zuid-Holland,1
Limburg,1
Limburg,1
Zuid-Holland,1
Zuid-Holland,1
Noord-Holland,1
Zeeland,1
Zuid-Holland,1
Limburg,1
Noord-Brabant,1
Noord-Brabant,1
Limburg,1
Noord-Brabant,1
Noord-Brabant,1
Zuid-Holland,1
Overijssel,1
Overijssel,1
Overijssel,1
Gelderland,1
Utrecht,1
Gelderland,1
Overijssel,1
Limburg,1
Overijssel,1
Gelderland,1
Gelderland,1
Overijssel,1
Limburg,1
Overijssel,1
Overijssel,1
Gelderland,1
Gelderland,1
Overijssel,1
Gelderland,1
Overijssel,1
Overijssel,1
Gelderland,1
Flevoland,1
Gelderland,1
Friesland,1
Noord-Holland,1
Overijssel,1
Drenthe,1
Gelderland,1
Gelderland,1
Overijssel,1
Overijssel,1
Overijssel,1
Overijssel,1
Overijssel,1
Overijssel,1
Overijssel,1
Overijssel,1
Overijssel,1
Overijssel,1
Overijssel,1
Limburg,1
Friesland,1
Overijssel,1
Overijssel,1
Friesland,1
Gelderland,1
Overijssel,1
Overijssel,1
Gelderland,1
Noord-Brabant,1
Friesland,1
Flevoland,1
Zuid-Holland,1
Limburg,1
Noord-Holland,1
Gelderland,1
Zuid-Holland,1
Overijssel,1
Zuid-Holland,1
Overijssel,1
Zuid-Holland,1
Zuid-Holland,1
Noord-Brabant,1
Overijssel,1
Flevoland,1
Zuid-Holland,1
Noord-Holland,1
Noord-Holland,1
Limburg,1
Zuid-Holland,1
Limburg,1
Drenthe,1
Zuid-Holland,1
Zuid-Holland,1
Zuid-Holland,1
Zuid-Holland,1
Utrecht,1
Zuid-Holland,1
Zuid-Holland,1
Zuid-Holland,1
Zuid-Holland,1
Noord-Holland,1
Gelderland,1
Noord-Holland,1
Zuid-Holland,1
Zuid-Holland,1
Zuid-Holland,1
Limburg,1
Limburg,1
Zuid-Holland,1
Limburg,1
Limburg,1
Zuid-Holland,1
Noord-Holland,1
Overijssel,1
Zuid-Holland,1
Noord-Brabant,1
Zuid-Holland,1
Zuid-Holland,1
Gelderland,1
Noord-Brabant,1
Zuid-Holland,1
Zuid-Holland,1
Zuid-Holland,1
Zuid-Holland,1
Gelderland,1
Zuid-Holland,1
Zuid-Holland,1
Utrecht,1
Zuid-Holland,1
Zuid-Holland,1
Zuid-Holland,1
Zuid-Holland,1
Zuid-Holland,1
Zuid-Holland,1
Zuid-Holland,1
Zuid-Holland,1
Zuid-Holland,1
Overijssel,1
Noord-Holland,1
Zuid-Holland,1
Zuid-Holland,1
Limburg,1
Groningen,1
Limburg,1
Limburg,1
Limburg,1
Limburg,1
Limburg,1
Limburg,1
Limburg,1
Limburg,1
Limburg,1
Limburg,1
Limburg,1
Limburg,1
Zuid-Holland,1
Zuid-Holland,1
Limburg,1
Limburg,1
Zuid-Holland,1
Limburg,1
Limburg,1
Limburg,1
Noord-Brabant,1
Gelderland,1
Noord-Brabant,1
Limburg,1
Limburg,1
Limburg,1
Limburg,1
Limburg,1
Limburg,1
Limburg,1
Limburg,1
Limburg,1
Limburg,1
Limburg,1
Zuid-Holland,1
Zuid-Holland,1
Zuid-Holland,1
Limburg,1
Gelderland,1
Drenthe,1
Limburg,1
Limburg,1
Zuid-Holland,1
Noord-Brabant,1
Limburg,1
Limburg,1
Gelderland,1
Limburg,1
Noord-Brabant,1
Limburg,1
Limburg,1
Noord-Brabant,1
Limburg,1
Noord-Brabant,1
Noord-Brabant,1
Noord-Brabant,1
Limburg,1
Noord-Brabant,1
Limburg,1
Noord-Brabant,1
Noord-Brabant,1
Limburg,1
Limburg,1
Groningen,1
Groningen,1
Noord-Brabant,1
Limburg,1
Gelderland,1
Limburg,1
Gelderland,1
Limburg,1
Zeeland,1
Overijssel,1
Gelderland,1
Noord-Brabant,1
Gelderland,1
Limburg,1
Noord-Brabant,1
Zuid-Holland,1
Utrecht,1
Limburg,1
Zuid-Holland,1
Noord-Brabant,1
Zuid-Holland,1
Gelderland,1
Limburg,1
Gelderland,1
Noord-Brabant,1
Limburg,1
Limburg,1
Limburg,1
Noord-Holland,1
Limburg,1
Zuid-Holland,1
Zuid-Holland,1
Zeeland,1
Limburg,1
Limburg,1
Limburg,1
Zuid-Holland,1
Limburg,1
Limburg,1
Limburg,1
Limburg,1
Limburg,1
Noord-Brabant,1
Limburg,1
Limburg,1
Zuid-Holland,1
Limburg,1
Limburg,1
Groningen,1
Limburg,1
Zuid-Holland,1
Limburg,1
Limburg,1
Limburg,1
Noord-Holland,1
Limburg,1
Zuid-Holland,1
Zuid-Holland,1
Zuid-Holland,1
Limburg,1
Limburg,1
Gelderland,1
Noord-Holland,1
Limburg,1
Zuid-Holland,1
Limburg,1
Noord-Brabant,1
Zuid-Holland,1
Zuid-Holland,1
Zuid-Holland,1
Limburg,1
Noord-Holland,1
Zuid-Holland,1
Limburg,1
Limburg,1
Groningen,1
Noord-Brabant,1
Limburg,1
Limburg,1
Noord-Brabant,1
Zuid-Holland,1
Zuid-Holland,1
Zuid-Holland,1
Limburg,1
Limburg,1
Noord-Brabant,1
Zuid-Holland,1
Noord-Brabant,1
Zuid-Holland,1
Gelderland,1
Gelderland,1
Zuid-Holland,1
Noord-Holland,1
Flevoland,1
Zuid-Holland,1
Noord-Holland,1
Overijssel,1
Noord-Brabant,1
Zuid-Holland,1
Limburg,1
Limburg,1
Limburg,1
Gelderland,1
Noord-Holland,1
Noord-Brabant,1
Zuid-Holland,1
Zuid-Holland,1
Zuid-Holland,1
Noord-Brabant,1
Limburg,1
Noord-Holland,1
Noord-Brabant,1
Limburg,1
Noord-Brabant,1
Zuid-Holland,1
Zuid-Holland,1
Noord-Holland,1
Zuid-Holland,1
Noord-Holland,1
Limburg,1
Limburg,1
Zuid-Holland,1
Noord-Brabant,1
Zuid-Holland,1
Zuid-Holland,1
Zuid-Holland,1
Limburg,1
Zuid-Holland,1
Noord-Brabant,1
Noord-Holland,1
Noord-Holland,1
Zuid-Holland,1
Noord-Brabant,1
Noord-Holland,1
Noord-Holland,1
Zuid-Holland,1
Noord-Brabant,1
Overijssel,1
Noord-Holland,1
Noord-Brabant,1
Zuid-Holland,1
Noord-Brabant,1
Zuid-Holland,1
Noord-Brabant,1
Zeeland,1
Zeeland,1
Overijssel,1
Noord-Brabant,1
Zeeland,1
Noord-Holland,1
Zuid-Holland,1
Drenthe,1
Zeeland,1
Noord-Brabant,1
Noord-Holland,1
Noord-Holland,1
Noord-Holland,1
Zuid-Holland,1
Groningen,1
Friesland,1
Zuid-Holland,1
Friesland,1
Zuid-Holland,1
Friesland,1
Friesland,1
Drenthe,1
Friesland,1
Friesland,1
Friesland,1
Friesland,1
Friesland,1
Friesland,1
Friesland,1
Groningen,1
Friesland,1
Zuid-Holland,1
Groningen,1
Groningen,1
Zuid-Holland,1
Groningen,1
Friesland,1
Friesland,1
Zuid-Holland,1
Friesland,1
Noord-Holland,1
Friesland,1
Noord-Holland,1
Zuid-Holland,1
Noord-Brabant,1
Friesland,1
Friesland,1
Limburg,1
Groningen,1
Zuid-Holland,1
Zuid-Holland,1
Friesland,1
Zuid-Holland,1
Noord-Holland,1
Noord-Holland,1
Noord-Holland,1
Utrecht,1
Zeeland,1
Gelderland,1
Noord-Brabant,1
Zeeland,1
Noord-Brabant,1
Zuid-Holland,1
Noord-Brabant,1
Noord-Brabant,1
Noord-Brabant,1
Zuid-Holland,1
Zuid-Holland,1
Overijssel,1
Noord-Brabant,1
Noord-Holland,1
Zeeland,1
Zuid-Holland,1
Zuid-Holland,1
Zuid-Holland,1
Zuid-Holland,1
Zuid-Holland,1
Zeeland,1
Zuid-Holland,1
Zuid-Holland,1
Zuid-Holland,1
Zuid-Holland,1
Limburg,1
Zeeland,1
Zeeland,1
Zuid-Holland,1
Zuid-Holland,1
Zuid-Holland,1
Zeeland,1
Zuid-Holland,1
Zuid-Holland,1
Noord-Holland,1
Gelderland,1
Noord-Holland,1
Zeeland,1
Zuid-Holland,1
Zuid-Holland,1
Zuid-Holland,1
Zuid-Holland,1
Noord-Holland,1
Zuid-Holland,1
Zuid-Holland,1
Noord-Holland,1
Zuid-Holland,1
Zuid-Holland,1
Zuid-Holland,1
Zuid-Holland,1
Zuid-Holland,1
Zuid-Holland,1
Zuid-Holland,1
Zuid-Holland,1
Noord-Holland,1
Zuid-Holland,1
Zuid-Holland,1
Zuid-Holland,1
Zuid-Holland,1
Zuid-Holland,1
Zuid-Holland,1
Zuid-Holland,1
Zuid-Holland,1
Zuid-Holland,1
Zuid-Holland,1
Zuid-Holland,1
Zuid-Holland,1
Zuid-Holland,1
Zuid-Holland,1
Zuid-Holland,1
Zuid-Holland,1
Zuid-Holland,1
Zuid-Holland,1
Zuid-Holland,1
Friesland,1
Friesland,1
Overijssel,1
Zuid-Holland,1
Zuid-Holland,1
Noord-Holland,1
Limburg,1
Zuid-Holland,1
Friesland,1
Zeeland,1
Zuid-Holland,1
Zeeland,1
Zeeland,1
Zuid-Holland,1
Flevoland,1
Noord-Brabant,1
Zuid-Holland,1
Noord-Holland,1
Zuid-Holland,1
Limburg,1
Groningen,1
Gelderland,1
Limburg,1
Zuid-Holland,1
Zuid-Holland,1
Zuid-Holland,1
Zuid-Holland,1
Zuid-Holland,1
Overijssel,1
Overijssel,1
Overijssel,1
Zuid-Holland,1
Noord-Holland,1
Noord-Holland,1
Noord-Holland,1
Noord-Holland,1
Zuid-Holland,1
Zuid-Holland,1
Zuid-Holland,1
Zuid-Holland,1
Zuid-Holland,1
Zuid-Holland,1
Zuid-Holland,1
Zuid-Holland,1
Zuid-Holland,1
Friesland,1
Overijssel,1
Overijssel,1
Overijssel,1
Limburg,1
Gelderland,1
Zuid-Holland,1
Limburg,1
Limburg,1
Gelderland,1
Noord-Holland,1
Zuid-Holland,1
Zuid-Holland,1
Zuid-Holland,1
Noord-Holland,1
Zuid-Holland,1
Noord-Holland,1
Zuid-Holland,1
Zuid-Holland,1
Zuid-Holland,1
Limburg,1
Noord-Holland,1
Friesland,1
Limburg,1
Noord-Holland,1
Noord-Holland,1
Utrecht,1
Zuid-Holland,1
Limburg,1
Limburg,1
Zuid-Holland,1
Zuid-Holland,1
Noord-Holland,1
Noord-Holland,1
Noord-Holland,1
Noord-Holland,1
Zuid-Holland,1
Gelderland,1
Noord-Holland,1
Noord-Brabant,1
Zuid-Holland,1
Zuid-Holland,1
Zuid-Holland,1
Noord-Brabant,1
Gelderland,1
Overijssel,1
Overijssel,1
Zuid-Holland,1
Zeeland,1
Gelderland,1
Zuid-Holland,1
Zuid-Holland,1
Friesland,1
Zeeland,1
Zuid-Holland,1
Zuid-Holland,1
Noord-Brabant,1
Zuid-Holland,1
Noord-Holland,1
Zuid-Holland,1
Noord-Holland,1
Noord-Holland,1
Zuid-Holland,1
Noord-Holland,1
Zuid-Holland,1
Noord-Holland,1
Noord-Holland,1
Zuid-Holland,1
Noord-Holland,1
Noord-Holland,1
Zuid-Holland,1
Limburg,1
Noord-Holland,1
Zuid-Holland,1
Zuid-Holland,1
Gelderland,1
Zuid-Holland,1
Noord-Holland,1
Limburg,1
Zuid-Holland,1
Gelderland,1
Zuid-Holland,1
Zuid-Holland,1
Limburg,1
Zuid-Holland,1
Noord-Holland,1
Zuid-Holland,1
Zuid-Holland,1
Zuid-Holland,1
Flevoland,1
Zuid-Holland,1
Noord-Brabant,1
Utrecht,1
Noord-Holland,1
Noord-Brabant,1
Noord-Holland,1
Noord-Holland,1
Noord-Brabant,1
Zuid-Holland,1
Limburg,1
Zuid-Holland,1
Noord-Holland,1
Utrecht,1
Noord-Holland,1
Zuid-Holland,1
Zuid-Holland,1
Zuid-Holland,1
Groningen,1
Noord-Holland,1
Zuid-Holland,1
Noord-Holland,1
Zuid-Holland,1
Limburg,1
Zuid-Holland,1
Zuid-Holland,1
Noord-Holland,1
Zuid-Holland,1
Zuid-Holland,1
Noord-Brabant,1
Zuid-Holland,1
Zuid-Holland,1
Zuid-Holland,1
Zuid-Holland,1
Friesland,1
Overijssel,1
Zuid-Holland,1
Utrecht,1
Zuid-Holland,1
Zuid-Holland,1
Noord-Holland,1
Overijssel,1
Limburg,1
Limburg,1
Limburg,1
Zuid-Holland,1
Limburg,1
Limburg,1
Zuid-Holland,1
Overijssel,1
Noord-Holland,1
Zuid-Holland,1
Zuid-Holland,1
Zuid-Holland,1
Noord-Holland,1
Noord-Brabant,1
Overijssel,1
Flevoland,1
Zuid-Holland,1
Zuid-Holland,1
Zuid-Holland,1
Zuid-Holland,1
Zuid-Holland,1
Utrecht,1
Zuid-Holland,1
Zuid-Holland,1
Zuid-Holland,1
Zuid-Holland,1
Zeeland,1
Gelderland,1
Zuid-Holland,1
Noord-Brabant,1
Zuid-Holland,1
Zuid-Holland,1
Zuid-Holland,1
Zuid-Holland,1
Zuid-Holland,1
Zuid-Holland,1
Zuid-Holland,1
Friesland,1
Friesland,1
Friesland,1
Friesland,1
Friesland,1
Zuid-Holland,1
Zuid-Holland,1
Zuid-Holland,1
Friesland,1
Zuid-Holland,1
Zuid-Holland,1
Friesland,1
Zuid-Holland,1
Zuid-Holland,1
Zuid-Holland,1
Zuid-Holland,1
Zuid-Holland,1
Zuid-Holland,1
Zuid-Holland,1
Zuid-Holland,1
Zuid-Holland,1
Zuid-Holland,1
Zuid-Holland,1
Zuid-Holland,1
Zuid-Holland,1
Zuid-Holland,1
Friesland,1
Utrecht,1
Utrecht,1
Utrecht,1
Zuid-Holland,1
Zuid-Holland,1
Groningen,1
Utrecht,1
Zuid-Holland,1
Friesland,1
Friesland,1
Zuid-Holland,1
Zuid-Holland,1
Zuid-Holland,1
Zuid-Holland,1
Gelderland,1
Zuid-Holland,1
Zuid-Holland,1
Noord-Holland,1
Zuid-Holland,1
Zuid-Holland,1
Zuid-Holland,1
Zuid-Holland,1
Zuid-Holland,1
Zuid-Holland,1
Zuid-Holland,1
Zuid-Holland,1
Zuid-Holland,1
Zuid-Holland,1
Zuid-Holland,1
Noord-Holland,1
Overijssel,1
Zuid-Holland,1
Zuid-Holland,1
Zuid-Holland,1
Zuid-Holland,1
Zuid-Holland,1
Zuid-Holland,1
Limburg,1
Zuid-Holland,1
Limburg,1
Zuid-Holland,1
Zuid-Holland,1
Noord-Brabant,1
Zuid-Holland,1
Zuid-Holland,1
Noord-Holland,1
Noord-Holland,1
Overijssel,1
Zuid-Holland,1
Zuid-Holland,1
Noord-Holland,1
Zeeland,1
Zuid-Holland,1
Zuid-Holland,1
Zuid-Holland,1
Zuid-Holland,1
Utrecht,1
Noord-Holland,1
Overijssel,1
Zuid-Holland,1
Utrecht,1
Zuid-Holland,1
Limburg,1
Zuid-Holland,1
Noord-Brabant,1
Zuid-Holland,1
Zuid-Holland,1
Overijssel,1
Zuid-Holland,1
Zuid-Holland,1
Overijssel,1
Zuid-Holland,1
Flevoland,1
Zuid-Holland,1
Zuid-Holland,1
Limburg,1
Zuid-Holland,1
Zuid-Holland,1
Limburg,1
Zuid-Holland,1
Zuid-Holland,1
Noord-Holland,1
Zuid-Holland,1
Noord-Brabant,1
Noord-Brabant,1
Zuid-Holland,1
Noord-Holland,1
Zuid-Holland,1
Zuid-Holland,1
Zuid-Holland,1
Noord-Holland,1
Zuid-Holland,1
Groningen,1
Zuid-Holland,1
Zuid-Holland,1
Zuid-Holland,1
Utrecht,1
Zuid-Holland,1
Zeeland,1
Zuid-Holland,1
Noord-Holland,1
Utrecht,1
Zuid-Holland,1
Zuid-Holland,1
Utrecht,1
Utrecht,1
Noord-Brabant,1
Noord-Holland,1
Zuid-Holland,1
Zuid-Holland,1
Noord-Brabant,1
Zuid-Holland,1
Zuid-Holland,1
Limburg,1
Zuid-Holland,1
Noord-Brabant,1
Gelderland,1
Gelderland,1
Gelderland,1
Gelderland,1
Gelderland,1
Gelderland,1
Noord-Brabant,1
Utrecht,1
Utrecht,1
Noord-Brabant,1
Noord-Brabant,1
Noord-Brabant,1
Noord-Brabant,1
Noord-Brabant,1
Noord-Brabant,1
Noord-Brabant,1
Zuid-Holland,1
Noord-Brabant,1
Limburg,1
Overijssel,1
Noord-Brabant,1
Zuid-Holland,1
Noord-Holland,1
Utrecht,1
Zuid-Holland,1
Noord-Holland,1
Overijssel,1
Gelderland,1
Noord-Holland,1
Zuid-Holland,1
Zuid-Holland,1
Noord-Holland,1
Gelderland,1
Noord-Holland,1
Limburg,1
Zuid-Holland,1
Zuid-Holland,1
Utrecht,1
Friesland,1
Utrecht,1
Zuid-Holland,1
Zuid-Holland,1
Zuid-Holland,1
Zuid-Holland,1
Noord-Brabant,1
Zuid-Holland,1
Zuid-Holland,1
Flevoland,1
Zuid-Holland,1
Friesland,1
Zuid-Holland,1
Zuid-Holland,1
Zuid-Holland,1
Noord-Brabant,1
Noord-Brabant,1
Zuid-Holland,1
Overijssel,1
Zuid-Holland,1
Zeeland,1
Zuid-Holland,1
Zuid-Holland,1
Noord-Holland,1
Zuid-Holland,1
Flevoland,1
Zuid-Holland,1
Zuid-Holland,1
Zuid-Holland,1
Gelderland,1
Overijssel,1
Noord-Brabant,1
Noord-Brabant,1
Noord-Brabant,1
Noord-Brabant,1
Noord-Holland,1
Noord-Holland,1
Zuid-Holland,1
Noord-Holland,1
Groningen,1
Zuid-Holland,1
Zuid-Holland,1
Zuid-Holland,1
Noord-Holland,1
Zuid-Holland,1
Noord-Holland,1
Zuid-Holland,1
Noord-Brabant,1
Groningen,1
Noord-Holland,1
Zuid-Holland,1
Noord-Holland,1
Zuid-Holland,1
Zuid-Holland,1
Zuid-Holland,1
Utrecht,1
Zuid-Holland,1
Zuid-Holland,1
Gelderland,1
Zuid-Holland,1
Zuid-Holland,1
Utrecht,1
Zuid-Holland,1
Zuid-Holland,1
Zuid-Holland,1
Limburg,1
Zeeland,1
Overijssel,1
Zuid-Holland,1
Zuid-Holland,1
Gelderland,1
Zuid-Holland,1
Noord-Brabant,1
Zuid-Holland,1
Noord-Holland,1
Noord-Brabant,1
Zuid-Holland,1
Zuid-Holland,1
Zuid-Holland,1
Zuid-Holland,1
Overijssel,1
Noord-Holland,1
Zuid-Holland,1
Zuid-Holland,1
Zuid-Holland,1
Noord-Brabant,1
Zuid-Holland,1
Zuid-Holland,1
Zuid-Holland,1
Noord-Brabant,1
Zuid-Holland,1
Zuid-Holland,1
Noord-Holland,1
Zuid-Holland,1
Noord-Holland,1
Utrecht,1
Zuid-Holland,1
Noord-Holland,1
Zuid-Holland,1
Noord-Brabant,1
Noord-Holland,1
Zuid-Holland,1
Zuid-Holland,1
Zuid-Holland,1
Zuid-Holland,1
Zuid-Holland,1
Zuid-Holland,1
Zuid-Holland,1
Zuid-Holland,1
Utrecht,1
Zuid-Holland,1
Noord-Holland,1
Zuid-Holland,1
Noord-Holland,1
Noord-Holland,1
Gelderland,1
Zuid-Holland,1
Noord-Holland,1
Zuid-Holland,1
Noord-Brabant,1
Zuid-Holland,1
Zuid-Holland,1
Limburg,1
Noord-Brabant,1
Zuid-Holland,1
Zuid-Holland,1
Zuid-Holland,1
Zuid-Holland,1
Drenthe,1
Zuid-Holland,1
Gelderland,1
Zuid-Holland,1
Gelderland,1
Gelderland,1
Gelderland,1
Gelderland,1
Gelderland,1
Zuid-Holland,1
Zuid-Holland,1
Noord-Holland,1
Zuid-Holland,1
Zuid-Holland,1
Zuid-Holland,1
Zuid-Holland,1
Zuid-Holland,1
Zuid-Holland,1
Zuid-Holland,1
Utrecht,1
Zuid-Holland,1
Zuid-Holland,1
Zuid-Holland,1
Zuid-Holland,1
Zuid-Holland,1
Noord-Holland,1
Noord-Holland,1
Friesland,1
Groningen,1
Zuid-Holland,1
Zuid-Holland,1
Noord-Brabant,1
Zuid-Holland,1
Friesland,1
Zuid-Holland,1
Zuid-Holland,1
Zuid-Holland,1
Overijssel,1
Overijssel,1
Overijssel,1
Zuid-Holland,1
Zuid-Holland,1
Zuid-Holland,1
Zuid-Holland,1
Zuid-Holland,1
Zuid-Holland,1
Noord-Holland,1
Zuid-Holland,1
Noord-Brabant,1
Zuid-Holland,1
Zuid-Holland,1
Flevoland,1
Zuid-Holland,1
Zuid-Holland,1
Noord-Brabant,1
Zuid-Holland,1
Zuid-Holland,1
Zuid-Holland,1
Zuid-Holland,1
Zuid-Holland,1
Zuid-Holland,1
Limburg,1
Noord-Holland,1
Zuid-Holland,1
Groningen,1
Zuid-Holland,1
Zuid-Holland,1
Zuid-Holland,1
Gelderland,1
Zuid-Holland,1
Zuid-Holland,1
Zuid-Holland,1
Zuid-Holland,1
Zuid-Holland,1
Zuid-Holland,1
Zuid-Holland,1
Zuid-Holland,1
Zuid-Holland,1
Zuid-Holland,1
Zuid-Holland,1
Zuid-Holland,1
Zuid-Holland,1
Zuid-Holland,1
Zuid-Holland,1
Gelderland,1
Gelderland,1
Gelderland,1
Gelderland,1
Gelderland,1
Gelderland,1
Gelderland,1
Zuid-Holland,1
Utrecht,1
Noord-Brabant,1
Zuid-Holland,1
Zuid-Holland,1
Zuid-Holland,1
Zuid-Holland,1
Zuid-Holland,1
Zuid-Holland,1
Limburg,1
Noord-Holland,1
Overijssel,1
Gelderland,1
Zuid-Holland,1
Noord-Holland,1
Noord-Holland,1
Zuid-Holland,1
Zuid-Holland,1
Zuid-Holland,1
Zuid-Holland,1
Gelderland,1
Zuid-Holland,1
Zuid-Holland,1
Noord-Holland,1
Noord-Holland,1
Zuid-Holland,1
Limburg,1
Gelderland,1
Gelderland,1
Gelderland,1
Gelderland,1
Gelderland,1
Gelderland,1
Overijssel,1
Zuid-Holland,1
Overijssel,1
Zuid-Holland,1
Zuid-Holland,1
Noord-Brabant,1
Limburg,1
Zuid-Holland,1
Zuid-Holland,1
Utrecht,1
Zuid-Holland,1
Zuid-Holland,1
Noord-Holland,1
Zuid-Holland,1
Noord-Holland,1
Zuid-Holland,1
Noord-Holland,1
Zuid-Holland,1
Noord-Holland,1
Noord-Holland,1
Zuid-Holland,1
Zuid-Holland,1
Friesland,1
Zuid-Holland,1
Noord-Holland,1
Noord-Holland,1
Overijssel,1
Zuid-Holland,1
Noord-Brabant,1
Zuid-Holland,1
Zuid-Holland,1
Zuid-Holland,1
Zuid-Holland,1
Zuid-Holland,1
Zuid-Holland,1
Noord-Holland,1
Noord-Holland,1
Zuid-Holland,1
Utrecht,1
Zuid-Holland,1
Zuid-Holland,1
Utrecht,1
Zuid-Holland,1
Noord-Brabant,1
Zuid-Holland,1
Zuid-Holland,1
Gelderland,1
Zuid-Holland,1
Zuid-Holland,1
Gelderland,1
Zuid-Holland,1
Zuid-Holland,1
Utrecht,1
Noord-Holland,1
Noord-Holland,1
Zuid-Holland,1
Noord-Holland,1
Noord-Holland,1
Zuid-Holland,1
Zuid-Holland,1
Groningen,1
Zuid-Holland,1
Zuid-Holland,1
Utrecht,1
Zuid-Holland,1
Zuid-Holland,1
Zuid-Holland,1
Overijssel,1
Zuid-Holland,1
Zuid-Holland,1
Zuid-Holland,1
Zuid-Holland,1
Limburg,1
Limburg,1
Zuid-Holland,1
Zuid-Holland,1
Noord-Holland,1
Zuid-Holland,1
Zuid-Holland,1
Gelderland,1
Overijssel,1
Utrecht,1
Zuid-Holland,1
Zuid-Holland,1
Zuid-Holland,1
Gelderland,1
Zuid-Holland,1
Zuid-Holland,1
Zuid-Holland,1
Zuid-Holland,1
Noord-Holland,1
Noord-Holland,1
Noord-Holland,1
Zuid-Holland,1
Noord-Holland,1
Noord-Holland,1
Noord-Holland,1
Zuid-Holland,1
Noord-Holland,1
Noord-Holland,1
Utrecht,1
Noord-Holland,1
Noord-Holland,1
Noord-Holland,1
Groningen,1
Friesland,1
Zuid-Holland,1
Utrecht,1
Zuid-Holland,1
Zuid-Holland,1
Noord-Holland,1
Friesland,1
Zuid-Holland,1
Noord-Holland,1
Zuid-Holland,1
Zuid-Holland,1
Zuid-Holland,1
Zuid-Holland,1
Zuid-Holland,1
Limburg,1
Zuid-Holland,1
Utrecht,1
Zuid-Holland,1
Gelderland,1
Groningen,1
Limburg,1
Zuid-Holland,1
Zuid-Holland,1
Zuid-Holland,1
Noord-Holland,1
Noord-Holland,1
Zuid-Holland,1
Gelderland,1
Zuid-Holland,1
Noord-Holland,1
Zuid-Holland,1
Noord-Brabant,1
Gelderland,1
Noord-Brabant,1
Noord-Holland,1
Zuid-Holland,1
Zuid-Holland,1
Zuid-Holland,1
Noord-Holland,1
Noord-Holland,1
Noord-Holland,1
Noord-Holland,1
Noord-Holland,1
Zuid-Holland,1
Zuid-Holland,1
Zuid-Holland,1
Zuid-Holland,1
Zuid-Holland,1
Friesland,1
Gelderland,1
Gelderland,1
Zuid-Holland,1
Noord-Holland,1
Flevoland,1
Zuid-Holland,1
Zuid-Holland,1
Zuid-Holland,1
Zuid-Holland,1
Noord-Holland,1
Zuid-Holland,1
Noord-Holland,1
Zuid-Holland,1
Zuid-Holland,1
Zuid-Holland,1
Noord-Holland,1
Noord-Holland,1
Zuid-Holland,1
Zuid-Holland,1
Noord-Holland,1
Limburg,1
Noord-Holland,1
Zuid-Holland,1
Noord-Brabant,1
Noord-Holland,1
Zuid-Holland,1
Zuid-Holland,1
Zuid-Holland,1
Zuid-Holland,1
Noord-Holland,1
Noord-Holland,1
Zuid-Holland,1
Zuid-Holland,1
Zuid-Holland,1
Noord-Holland,1
Zuid-Holland,1
Noord-Brabant,1
Noord-Brabant,1
Zuid-Holland,1
Zuid-Holland,1
Zuid-Holland,1
Zuid-Holland,1
Noord-Brabant,1
Zuid-Holland,1
Noord-Brabant,1
Zuid-Holland,1
Zuid-Holland,1
Zuid-Holland,1
Zuid-Holland,1
Overijssel,1
Gelderland,1
Drenthe,1
Drenthe,1
Gelderland,1
Zuid-Holland,1
Drenthe,1
Zuid-Holland,1
Groningen,1
Overijssel,1
Noord-Holland,1
Drenthe,1
Noord-Holland,1
Zuid-Holland,1
Zuid-Holland,1
Zuid-Holland,1
Zuid-Holland,1
Flevoland,1
Zuid-Holland,1
Zuid-Holland,1
Noord-Holland,1
Noord-Holland,1
Zuid-Holland,1
Noord-Holland,1
Limburg,1
Noord-Holland,1
Zuid-Holland,1
Zuid-Holland,1
Zuid-Holland,1
Zuid-Holland,1
Zuid-Holland,1
Zuid-Holland,1
Overijssel,1
Zuid-Holland,1
Zuid-Holland,1
Gelderland,1
Zuid-Holland,1
Noord-Brabant,1
Noord-Holland,1
Zuid-Holland,1
Noord-Holland,1
Limburg,1
Limburg,1
Zuid-Holland,1
Zuid-Holland,1
Zuid-Holland,1
Noord-Holland,1
Zuid-Holland,1
Noord-Brabant,1
Zuid-Holland,1
Zuid-Holland,1
Zuid-Holland,1
Noord-Brabant,1
Noord-Holland,1
Limburg,1
Noord-Holland,1
Noord-Holland,1
Zuid-Holland,1
Noord-Holland,1
Overijssel,1
Overijssel,1
Noord-Holland,1
Noord-Holland,1
Noord-Brabant,1
Zuid-Holland,1
Limburg,1
Overijssel,1
Noord-Holland,1
Noord-Holland,1
Zuid-Holland,1
Noord-Brabant,1
Zuid-Holland,1
Zuid-Holland,1
Noord-Holland,1
Zuid-Holland,1
Zuid-Holland,1
Zuid-Holland,1
Noord-Holland,1
Limburg,1
Noord-Holland,1
Zuid-Holland,1
Noord-Holland,1
Zuid-Holland,1
Zuid-Holland,1
Zuid-Holland,1
Zuid-Holland,1
Noord-Holland,1
Noord-Brabant,1
Zuid-Holland,1
Noord-Holland,1
Zuid-Holland,1
Zuid-Holland,1
Zuid-Holland,1
Flevoland,1
Zuid-Holland,1
Zuid-Holland,1
Limburg,1
Zuid-Holland,1
Zuid-Holland,1
Zuid-Holland,1
Noord-Brabant,1
Zeeland,1
Noord-Holland,1
Noord-Holland,1
Noord-Holland,1
Flevoland,1
Flevoland,1
Zuid-Holland,1
Noord-Brabant,1
Zuid-Holland,1
Groningen,1
Zuid-Holland,1
Groningen,1
Zuid-Holland,1
Zuid-Holland,1
Noord-Holland,1
Zuid-Holland,1
Zuid-Holland,1
Zuid-Holland,1
Noord-Holland,1
Noord-Holland,1
Noord-Holland,1
Groningen,1
Noord-Holland,1
Noord-Holland,1
Zuid-Holland,1
Zuid-Holland,1
Zuid-Holland,1
Zuid-Holland,1
Zuid-Holland,1
Zuid-Holland,1
Zuid-Holland,1
Zuid-Holland,1
Gelderland,1
Zuid-Holland,1
Zuid-Holland,1
Zuid-Holland,1
Zuid-Holland,1
Zuid-Holland,1
Zuid-Holland,1
Noord-Holland,1
Zuid-Holland,1
Zuid-Holland,1
Zuid-Holland,1
Noord-Holland,1
Zeeland,1
Drenthe,1
Noord-Holland,1
Zuid-Holland,1
Noord-Holland,1
Utrecht,1
Zuid-Holland,1
Zuid-Holland,1
Zuid-Holland,1
Zuid-Holland,1
Zuid-Holland,1
Zuid-Holland,1
Zuid-Holland,1
Zuid-Holland,1
Noord-Brabant,1
Noord-Holland,1
Zuid-Holland,1
Zuid-Holland,1
Limburg,1
Zuid-Holland,1
Zuid-Holland,1
Zuid-Holland,1
Zuid-Holland,1
Zuid-Holland,1
Friesland,1
Noord-Holland,1
Zuid-Holland,1
Zuid-Holland,1
Noord-Holland,1
Zuid-Holland,1
Gelderland,1
Noord-Holland,1
Noord-Holland,1
Zuid-Holland,1
Noord-Holland,1
Zuid-Holland,1
Zuid-Holland,1
Zuid-Holland,1
Zuid-Holland,1
Zuid-Holland,1
Zuid-Holland,1
Zuid-Holland,1
Zuid-Holland,1
Noord-Brabant,1
Noord-Brabant,1
Zuid-Holland,1
Zuid-Holland,1
Zuid-Holland,1
Noord-Holland,1
Zuid-Holland,1
Zuid-Holland,1
Zuid-Holland,1
Noord-Holland,1
Zuid-Holland,1
Zuid-Holland,1
Zuid-Holland,1
Zuid-Holland,1
Zuid-Holland,1
Noord-Brabant,1
Zuid-Holland,1
Limburg,1
Zuid-Holland,1
Zuid-Holland,1
Zuid-Holland,1
Zuid-Holland,1
Zuid-Holland,1
Zuid-Holland,1
Noord-Brabant,1
Noord-Brabant,1
Zuid-Holland,1
Zuid-Holland,1
Zuid-Holland,1
Zuid-Holland,1
Gelderland,1
Zuid-Holland,1
Noord-Holland,1
Zuid-Holland,1
Zuid-Holland,1
Zuid-Holland,1
Zuid-Holland,1
Noord-Brabant,1
Zuid-Holland,1
Zuid-Holland,1
Zuid-Holland,1
Noord-Holland,1
Utrecht,1
Groningen,1
Zeeland,1
Zuid-Holland,1
Zuid-Holland,1
Zuid-Holland,1
Noord-Holland,1
Zuid-Holland,1
Noord-Brabant,1
Noord-Holland,1
Zuid-Holland,1
Zuid-Holland,1
Zuid-Holland,1
Zuid-Holland,1
Noord-Holland,1
Noord-Holland,1
Zuid-Holland,1
Zuid-Holland,1
Noord-Holland,1
Noord-Holland,1
Zeeland,1
Zuid-Holland,1
Zuid-Holland,1
Zuid-Holland,1
Gelderland,1
Gelderland,1
Gelderland,1
Gelderland,1
Noord-Holland,1
Gelderland,1
Gelderland,1
Zuid-Holland,1
Gelderland,1
Gelderland,1
Gelderland,1
Gelderland,1
Gelderland,1
Gelderland,1
Gelderland,1
Gelderland,1
Gelderland,1
Gelderland,1
Gelderland,1
Gelderland,1
Gelderland,1
Gelderland,1
Gelderland,1
Gelderland,1
Gelderland,1
Gelderland,1
Gelderland,1
Gelderland,1
Gelderland,1
Gelderland,1
Gelderland,1
Gelderland,1
Gelderland,1
Gelderland,1
Gelderland,1
Gelderland,1
Gelderland,1
Gelderland,1
Gelderland,1
Gelderland,1
Gelderland,1
Gelderland,1
Gelderland,1
Gelderland,1
Gelderland,1
Zuid-Holland,1
Zuid-Holland,1
Noord-Holland,1
Zuid-Holland,1
Gelderland,1
Gelderland,1
Zuid-Holland,1
Zuid-Holland,1
Zuid-Holland,1
Zuid-Holland,1
Zuid-Holland,1
Zuid-Holland,1
Noord-Holland,1
Noord-Holland,1
Zuid-Holland,1
Zuid-Holland,1
Noord-Holland,1
Zuid-Holland,1
Zuid-Holland,1
Zuid-Holland,1
Noord-Brabant,1
Noord-Holland,1
Noord-Holland,1
Limburg,1
Gelderland,1
Noord-Brabant,1
Zuid-Holland,1
Noord-Holland,1
Zuid-Holland,1
Noord-Holland,1
Zuid-Holland,1
Noord-Holland,1
Limburg,1
Zuid-Holland,1
Zuid-Holland,1
Zuid-Holland,1
Zuid-Holland,1
Zuid-Holland,1
Zuid-Holland,1
Overijssel,1
Groningen,1
Zuid-Holland,1
Overijssel,1
Noord-Holland,1
Limburg,1
Noord-Holland,1
Zuid-Holland,1
Zuid-Holland,1
Noord-Holland,1
Overijssel,1
Noord-Holland,1
Zuid-Holland,1
Zuid-Holland,1
Noord-Holland,1
Noord-Holland,1
Zeeland,1
Noord-Brabant,1
Zuid-Holland,1
Noord-Holland,1
Zuid-Holland,1
Zuid-Holland,1
Zuid-Holland,1
Gelderland,1
Noord-Holland,1
Gelderland,1
Zuid-Holland,1
Gelderland,1
Zuid-Holland,1
Zuid-Holland,1
Gelderland,1
Zuid-Holland,1
Noord-Holland,1
Noord-Holland,1
Zuid-Holland,1
Noord-Holland,1
Overijssel,1
Noord-Holland,1
Noord-Holland,1
Zuid-Holland,1
Zuid-Holland,1
Overijssel,1
Zuid-Holland,1
Overijssel,1
Gelderland,1
Zuid-Holland,1
Zuid-Holland,1
Limburg,1
Zuid-Holland,1
Noord-Holland,1
Overijssel,1
Zuid-Holland,1
Zuid-Holland,1
Noord-Holland,1
Zuid-Holland,1
Noord-Holland,1
Zuid-Holland,1
Zuid-Holland,1
Noord-Holland,1
Limburg,1
Zuid-Holland,1
Zeeland,1
Overijssel,1
Flevoland,1
Utrecht,1
Noord-Holland,1
Noord-Holland,1
Limburg,1
Zuid-Holland,1
Zuid-Holland,1
Zuid-Holland,1
Noord-Holland,1
Gelderland,1
Zuid-Holland,1
Zuid-Holland,1
Noord-Brabant,1
Zuid-Holland,1
Gelderland,1
Zuid-Holland,1
Zuid-Holland,1
Overijssel,1
Noord-Brabant,1
Gelderland,1
Zuid-Holland,1
Zuid-Holland,1
Limburg,1
Zuid-Holland,1
Limburg,1
Zuid-Holland,1
Noord-Holland,1
Zuid-Holland,1
Zuid-Holland,1
Flevoland,1
Zuid-Holland,1
Noord-Holland,1
Zuid-Holland,1
Friesland,1
Zuid-Holland,1
Zuid-Holland,1
Noord-Holland,1
Zuid-Holland,1
Zuid-Holland,1
Noord-Brabant,1
Zuid-Holland,1
Noord-Brabant,1
Zuid-Holland,1
Utrecht,1
Zuid-Holland,1
Zuid-Holland,1
Zuid-Holland,1
Noord-Holland,1
Zuid-Holland,1
Zuid-Holland,1
Zuid-Holland,1
Zuid-Holland,1
Zuid-Holland,1
Drenthe,1
Limburg,1
Zuid-Holland,1
Noord-Brabant,1
Zuid-Holland,1
Limburg,1
Gelderland,1
Noord-Brabant,1
Zuid-Holland,1
Zuid-Holland,1
Zuid-Holland,1
Zuid-Holland,1
Zuid-Holland,1
Noord-Holland,1
Zuid-Holland,1
Zuid-Holland,1
Zuid-Holland,1
Flevoland,1
Zuid-Holland,1
Noord-Holland,1
Noord-Holland,1
Noord-Holland,1
Zuid-Holland,1
Zuid-Holland,1
Groningen,1
Zuid-Holland,1
Groningen,1
Noord-Holland,1
Groningen,1
Friesland,1
Friesland,1
Friesland,1
Groningen,1
Zuid-Holland,1
Limburg,1
Flevoland,1
Noord-Holland,1
Noord-Holland,1
Noord-Brabant,1
Zuid-Holland,1
Noord-Brabant,1
Noord-Holland,1
Limburg,1
Zuid-Holland,1
Zuid-Holland,1
Zuid-Holland,1
Zuid-Holland,1
Flevoland,1
Zuid-Holland,1
Groningen,1
Groningen,1
Noord-Holland,1
Zuid-Holland,1
Friesland,1
Zuid-Holland,1
Zuid-Holland,1
Zuid-Holland,1
Noord-Brabant,1
Zuid-Holland,1
Zuid-Holland,1
Gelderland,1
Noord-Holland,1
Limburg,1
Zuid-Holland,1
Limburg,1
Zuid-Holland,1
Zeeland,1
Zuid-Holland,1
Zuid-Holland,1
Noord-Holland,1
Zuid-Holland,1
Gelderland,1
Zuid-Holland,1
Noord-Brabant,1
Noord-Holland,1
Limburg,1
Zuid-Holland,1
Zuid-Holland,1
Zuid-Holland,1
Zuid-Holland,1
Zuid-Holland,1
Groningen,1
Zuid-Holland,1
Zuid-Holland,1
Gelderland,1
Utrecht,1
Zuid-Holland,1
Zuid-Holland,1
Zuid-Holland,1
Limburg,1
Zuid-Holland,1
Zuid-Holland,1
Zuid-Holland,1
Zuid-Holland,1
Zuid-Holland,1
Zuid-Holland,1
Zuid-Holland,1
Noord-Holland,1
Utrecht,1
Noord-Holland,1
Zuid-Holland,1
Zuid-Holland,1
Zuid-Holland,1
Zuid-Holland,1
Zuid-Holland,1
Zuid-Holland,1
Zuid-Holland,1
Zuid-Holland,1
Zeeland,1
Utrecht,1
Noord-Holland,1
Limburg,1
Noord-Holland,1
Zuid-Holland,1
Noord-Holland,1
Zuid-Holland,1
Gelderland,1
Gelderland,1
Zuid-Holland,1
Zuid-Holland,1
Zuid-Holland,1
Drenthe,1
Groningen,1
Noord-Brabant,1
Noord-Holland,1
Zuid-Holland,1
Zuid-Holland,1
Gelderland,1
Gelderland,1
Flevoland,1
Zuid-Holland,1
Zuid-Holland,1
Zuid-Holland,1
Zuid-Holland,1
Noord-Holland,1
Zuid-Holland,1
Overijssel,1
Noord-Holland,1
Zuid-Holland,1
Noord-Holland,1
Gelderland,1
Zeeland,1
Zuid-Holland,1
Zuid-Holland,1
Gelderland,1
Zuid-Holland,1
Zeeland,1
Zuid-Holland,1
Zuid-Holland,1
Zuid-Holland,1
Gelderland,1
Noord-Holland,1
Flevoland,1
Zeeland,1
Zeeland,1
Noord-Holland,1
Zuid-Holland,1
Noord-Holland,1
Zuid-Holland,1
Noord-Holland,1
Groningen,1
Limburg,1
Noord-Holland,1
Zuid-Holland,1
Limburg,1
Zuid-Holland,1
Noord-Holland,1
Zuid-Holland,1
Zuid-Holland,1
Noord-Holland,1
Zuid-Holland,1
Zuid-Holland,1
Zuid-Holland,1
Zuid-Holland,1
Gelderland,1
Noord-Holland,1
Noord-Holland,1
Zuid-Holland,1
Zuid-Holland,1
Noord-Holland,1
Noord-Holland,1
Zuid-Holland,1
Noord-Holland,1
Zuid-Holland,1
Zuid-Holland,1
Zuid-Holland,1
Noord-Holland,1
Noord-Holland,1
Noord-Brabant,1
Zuid-Holland,1
Zuid-Holland,1
Noord-Holland,1
Zuid-Holland,1
Zuid-Holland,1
Zuid-Holland,1
Zuid-Holland,1
Zuid-Holland,1
Noord-Holland,1
Zuid-Holland,1
Noord-Holland,1
Zuid-Holland,1
Noord-Holland,1
Zeeland,1
Limburg,1
Zuid-Holland,1
Zuid-Holland,1
Zuid-Holland,1
Limburg,1
Zuid-Holland,1
Zuid-Holland,1
Noord-Holland,1
Zuid-Holland,1
Zuid-Holland,1
Zuid-Holland,1
Zuid-Holland,1
Flevoland,1
Zuid-Holland,1
Zuid-Holland,1
Zuid-Holland,1
Zuid-Holland,1
Zuid-Holland,1
Noord-Holland,1
Zuid-Holland,1
Zuid-Holland,1
Noord-Holland,1
Noord-Holland,1
Zuid-Holland,1
Zuid-Holland,1
Zuid-Holland,1
Zuid-Holland,1
Utrecht,1
Noord-Holland,1
Noord-Brabant,1
Noord-Brabant,1
Zuid-Holland,1
Zuid-Holland,1
Zuid-Holland,1
Zuid-Holland,1
Zuid-Holland,1
Noord-Brabant,1
Zuid-Holland,1
Gelderland,1
Zuid-Holland,1
Noord-Holland,1
Zuid-Holland,1
Zuid-Holland,1
Groningen,1
Zuid-Holland,1
Zuid-Holland,1
Zuid-Holland,1
Noord-Holland,1
Gelderland,1
Zuid-Holland,1
Noord-Holland,1
Noord-Brabant,1
Zuid-Holland,1
Zuid-Holland,1
Zuid-Holland,1
Zuid-Holland,1
Zuid-Holland,1
Zuid-Holland,1
Gelderland,1
Limburg,1
Gelderland,1
Zuid-Holland,1
Zuid-Holland,1
Zuid-Holland,1
Gelderland,1
Limburg,1
Zuid-Holland,1
Zuid-Holland,1
Zuid-Holland,1
Zuid-Holland,1
Zuid-Holland,1
Zuid-Holland,1
Gelderland,1
Zuid-Holland,1
Noord-Brabant,1
Limburg,1
Zuid-Holland,1
Noord-Holland,1
Zuid-Holland,1
Utrecht,1
Zuid-Holland,1
Noord-Holland,1
Noord-Brabant,1
Zuid-Holland,1
Noord-Holland,1
Flevoland,1
Zeeland,1
Zuid-Holland,1
Zuid-Holland,1
Zuid-Holland,1
Zuid-Holland,1
Zuid-Holland,1
Noord-Brabant,1
Zuid-Holland,1
Gelderland,1
Noord-Holland,1
Friesland,1
Zuid-Holland,1
Gelderland,1
Zuid-Holland,1
Noord-Brabant,1
Zuid-Holland,1
Zuid-Holland,1
Zuid-Holland,1
Zuid-Holland,1
Noord-Holland,1
Zuid-Holland,1
Noord-Holland,1
Zuid-Holland,1
Zuid-Holland,1
Noord-Holland,1
Noord-Brabant,1
Noord-Brabant,1
Noord-Brabant,1
Noord-Brabant,1
Noord-Brabant,1
Utrecht,1
Zuid-Holland,1
Overijssel,1
Noord-Holland,1
Noord-Brabant,1
Zuid-Holland,1
Zuid-Holland,1
Gelderland,1
Noord-Brabant,1
Noord-Brabant,1
Noord-Brabant,1
Gelderland,1
Gelderland,1
Noord-Brabant,1
Zuid-Holland,1
Noord-Brabant,1
Gelderland,1
Noord-Holland,1
Overijssel,1
Gelderland,1
Limburg,1
Utrecht,1
Noord-Brabant,1
Limburg,1
Zuid-Holland,1
Overijssel,1
Drenthe,1
Noord-Brabant,1
Limburg,1
Limburg,1
Limburg,1
Limburg,1
Limburg,1
Limburg,1
Limburg,1
Gelderland,1
Zuid-Holland,1
Limburg,1
Zuid-Holland,1
Limburg,1
Zuid-Holland,1
Zuid-Holland,1
Zuid-Holland,1
Zuid-Holland,1
Noord-Holland,1
Noord-Holland,1
Zuid-Holland,1
Zuid-Holland,1
Zuid-Holland,1
Noord-Holland,1
Limburg,1
Gelderland,1
Noord-Holland,1
Limburg,1
Gelderland,1
Zuid-Holland,1
Zuid-Holland,1
Zuid-Holland,1
Zuid-Holland,1
Drenthe,1
Zuid-Holland,1
Noord-Holland,1
Zuid-Holland,1
Zuid-Holland,1
Zuid-Holland,1
Zuid-Holland,1
Zuid-Holland,1
Zuid-Holland,1
Zuid-Holland,1
Limburg,1
Noord-Holland,1
Zuid-Holland,1
Zuid-Holland,1
Zuid-Holland,1
Zuid-Holland,1
Noord-Holland,1
Zeeland,1
Gelderland,1
Zuid-Holland,1
Zuid-Holland,1
Noord-Holland,1
Flevoland,1
Zuid-Holland,1
Zuid-Holland,1
Noord-Holland,1
Gelderland,1
Utrecht,1
Zeeland,1
Zuid-Holland,1
Zuid-Holland,1
Noord-Brabant,1
Zuid-Holland,1
Zuid-Holland,1
Gelderland,1
Zuid-Holland,1
Zuid-Holland,1
Noord-Brabant,1
Noord-Brabant,1
Overijssel,1
Zuid-Holland,1
Gelderland,1
Zuid-Holland,1
Zuid-Holland,1
Limburg,1
Noord-Holland,1
Zuid-Holland,1
Zuid-Holland,1
Noord-Holland,1
Zuid-Holland,1
Zeeland,1
Zuid-Holland,1
Noord-Holland,1
Noord-Holland,1
Noord-Holland,1
Zuid-Holland,1
Zuid-Holland,1
Zuid-Holland,1
Zuid-Holland,1
Zuid-Holland,1
Zuid-Holland,1
Zuid-Holland,1
Zuid-Holland,1
Zuid-Holland,1
Zuid-Holland,1
Utrecht,1
Zuid-Holland,1
Zuid-Holland,1
Zuid-Holland,1
Noord-Holland,1
Zuid-Holland,1
Zuid-Holland,1
Zuid-Holland,1
Utrecht,1
Noord-Holland,1
Zuid-Holland,1
Zuid-Holland,1
Noord-Brabant,1
Zuid-Holland,1
Zuid-Holland,1
Zeeland,1
Zuid-Holland,1
Zuid-Holland,1
Noord-Holland,1
Zuid-Holland,1
Zuid-Holland,1
Zuid-Holland,1
Zuid-Holland,1
Flevoland,1
Zeeland,1
Zuid-Holland,1
Flevoland,1
Noord-Holland,1
Zuid-Holland,1
Zuid-Holland,1
Zuid-Holland,1
Utrecht,1
Zuid-Holland,1
Noord-Holland,1
Noord-Holland,1
Zuid-Holland,1
Noord-Holland,1
Zuid-Holland,1
Flevoland,1
Noord-Holland,1
Groningen,1
Zuid-Holland,1
Flevoland,1
Overijssel,1
Noord-Holland,1
Noord-Brabant,1
Noord-Holland,1
Noord-Holland,1
Noord-Holland,1
Zuid-Holland,1
Groningen,1
Flevoland,1
Overijssel,1
Zuid-Holland,1
Noord-Brabant,1
Noord-Holland,1
Utrecht,1
Overijssel,1
Zuid-Holland,1
Zuid-Holland,1
Zuid-Holland,1
Zuid-Holland,1
Zuid-Holland,1
Zuid-Holland,1
Zuid-Holland,1
Noord-Holland,1
Zuid-Holland,1
Zuid-Holland,1
Zuid-Holland,1
Zuid-Holland,1
Zuid-Holland,1
Zeeland,1
Zuid-Holland,1
Zuid-Holland,1
Zuid-Holland,1
Zuid-Holland,1
Zuid-Holland,1
Zuid-Holland,1
Zuid-Holland,1
Zuid-Holland,1
Noord-Holland,1
Zuid-Holland,1
Noord-Brabant,1
Zuid-Holland,1
Noord-Brabant,1
Zuid-Holland,1
Zuid-Holland,1
Zuid-Holland,1
Zeeland,1
Overijssel,1
Noord-Holland,1
Noord-Brabant,1
Zeeland,1
Zuid-Holland,1
Zuid-Holland,1
Zeeland,1
Zuid-Holland,1
Zuid-Holland,1
Overijssel,1
Noord-Holland,1
Zuid-Holland,1
Gelderland,1
Noord-Brabant,1
Zuid-Holland,1
Zuid-Holland,1
Noord-Brabant,1
Gelderland,1
Zuid-Holland,1
Zuid-Holland,1
Drenthe,1
Groningen,1
Zuid-Holland,1
Zeeland,1
Overijssel,1
Zuid-Holland,1
Groningen,1
Zuid-Holland,1
Flevoland,1
Zuid-Holland,1
Zuid-Holland,1
Zuid-Holland,1
Drenthe,1
Gelderland,1
Noord-Holland,1
Zuid-Holland,1
Noord-Brabant,1
Zuid-Holland,1
Noord-Holland,1
Noord-Brabant,1
Noord-Holland,1
Groningen,1
Drenthe,1
Zuid-Holland,1
Zuid-Holland,1
Drenthe,1
Gelderland,1
Noord-Holland,1
Groningen,1
Noord-Holland,1
Utrecht,1
Zuid-Holland,1
Zuid-Holland,1
Noord-Brabant,1
Groningen,1
Overijssel,1
Gelderland,1
Gelderland,1
Drenthe,1
Friesland,1
Noord-Holland,1
Gelderland,1
Drenthe,1
Noord-Brabant,1
Noord-Brabant,1
Zuid-Holland,1
Gelderland,1
Noord-Holland,1
Zuid-Holland,1
Zuid-Holland,1
Gelderland,1
Zuid-Holland,1
Overijssel,1
Drenthe,1
Zuid-Holland,1
Noord-Brabant,1
Zuid-Holland,1
Gelderland,1
Groningen,1
Zuid-Holland,1
Gelderland,1
Gelderland,1
Zuid-Holland,1
Zuid-Holland,1
Zuid-Holland,1
Zuid-Holland,1
Zeeland,1
Gelderland,1
Groningen,1
Zuid-Holland,1
Noord-Holland,1
Noord-Brabant,1
Groningen,1
Groningen,1
Overijssel,1
Drenthe,1
Zeeland,1
Utrecht,1
Drenthe,1
Noord-Brabant,1
Zuid-Holland,1
Gelderland,1
Groningen,1
Zuid-Holland,1
Overijssel,1
Drenthe,1
Noord-Brabant,1
Groningen,1
Gelderland,1
Zuid-Holland,1
Groningen,1
Gelderland,1
Drenthe,1
Gelderland,1
Friesland,1
Drenthe,1
Overijssel,1
Zuid-Holland,1
Drenthe,1
Zeeland,1
Zuid-Holland,1
Groningen,1
Gelderland,1
Gelderland,1
Drenthe,1
Overijssel,1
Gelderland,1
Gelderland,1
Gelderland,1
Noord-Brabant,1
Zuid-Holland,1
Zeeland,1
Drenthe,1
Overijssel,1
Zuid-Holland,1
Zuid-Holland,1
Overijssel,1
Zuid-Holland,1
Zuid-Holland,1
Zuid-Holland,1
Zuid-Holland,1
Drenthe,1
Zuid-Holland,1
Groningen,1
Noord-Holland,1
Zuid-Holland,1
Zuid-Holland,1
Zuid-Holland,1
Zuid-Holland,1
Zuid-Holland,1
Zeeland,1
Noord-Brabant,1
Zuid-Holland,1
Groningen,1
Zuid-Holland,1
Zuid-Holland,1
Zuid-Holland,1
Zuid-Holland,1
Gelderland,1
Zuid-Holland,1
Zuid-Holland,1
Overijssel,1
Zuid-Holland,1
Limburg,1
Overijssel,1
Zuid-Holland,1
Zuid-Holland,1
Zuid-Holland,1
Zuid-Holland,1
Limburg,1
Noord-Brabant,1
Noord-Holland,1
Zuid-Holland,1
Overijssel,1
Zuid-Holland,1
Zuid-Holland,1
Zuid-Holland,1
Zuid-Holland,1
Zuid-Holland,1
Groningen,1
Gelderland,1
Noord-Brabant,1
Zuid-Holland,1
Zuid-Holland,1
Zuid-Holland,1
Zuid-Holland,1
Gelderland,1
Limburg,1
Gelderland,1
Noord-Brabant,1
Noord-Holland,1
Zuid-Holland,1
Zuid-Holland,1
Zuid-Holland,1
Groningen,1
